Datetime,Water Level (m)
2025-03-12 06:00:00,0.19855535
2025-03-12 07:00:00,0.24962778
2025-03-12 08:00:00,0.1530851
2025-03-12 09:00:00,-0.01710191
2025-03-12 10:00:00,-0.16585511
2025-03-12 11:00:00,-0.31919613
2025-03-12 12:00:00,-0.4629769
2025-03-12 13:00:00,-0.573589
2025-03-12 14:00:00,-0.508587
2025-03-12 15:00:00,-0.23710768
2025-03-12 16:00:00,-0.039499424
2025-03-12 17:00:00,0.17891122
2025-03-12 18:00:00,0.36502224
2025-03-12 19:00:00,0.49132186
2025-03-12 20:00:00,0.37601125
2025-03-12 21:00:00,0.16636868
2025-03-12 22:00:00,-0.0066905078
2025-03-12 23:00:00,-0.18673214
2025-03-13 00:00:00,-0.3567668
2025-03-13 01:00:00,-0.512664
2025-03-13 02:00:00,-0.5796771
2025-03-13 03:00:00,-0.39642823
2025-03-13 04:00:00,-0.14205158
2025-03-13 05:00:00,0.048128903
2025-03-13 06:00:00,0.23728389
2025-03-13 07:00:00,0.38285908
2025-03-13 08:00:00,0.33846974
2025-03-13 09:00:00,0.1469925
2025-03-13 10:00:00,-0.013561837
2025-03-13 11:00:00,-0.18248993
2025-03-13 12:00:00,-0.34887463
2025-03-13 13:00:00,-0.4944397
2025-03-13 14:00:00,-0.5618414
2025-03-13 15:00:00,-0.35894957
2025-03-13 16:00:00,-0.10583677
2025-03-13 17:00:00,0.10729535
2025-03-13 18:00:00,0.32264805
2025-03-13 19:00:00,0.54564774
2025-03-13 20:00:00,0.5968428
2025-03-13 21:00:00,0.3694213
2025-03-13 22:00:00,0.16726127
2025-03-13 23:00:00,-0.02208266
2025-03-14 00:00:00,-0.20664616
2025-03-14 01:00:00,-0.3767851
2025-03-14 02:00:00,-0.5170448
2025-03-14 03:00:00,-0.47017753
2025-03-14 04:00:00,-0.18035363
2025-03-14 05:00:00,0.021167133
2025-03-14 06:00:00,0.22787485
2025-03-14 07:00:00,0.40779015
2025-03-14 08:00:00,0.50502205
2025-03-14 09:00:00,0.33279136
2025-03-14 10:00:00,0.14075164
2025-03-14 11:00:00,-0.034847718
2025-03-14 12:00:00,-0.21661863
2025-03-14 13:00:00,-0.38354373
2025-03-14 14:00:00,-0.51902705
2025-03-14 15:00:00,-0.47615284
2025-03-14 16:00:00,-0.18023717
2025-03-14 17:00:00,0.035050377
2025-03-14 18:00:00,0.2606438
2025-03-14 19:00:00,0.50150865
2025-03-14 20:00:00,0.63767797
2025-03-14 21:00:00,0.48786595
2025-03-14 22:00:00,0.24896191
2025-03-14 23:00:00,0.06323137
2025-03-15 00:00:00,-0.1297125
2025-03-15 01:00:00,-0.30427748
2025-03-15 02:00:00,-0.46332157
2025-03-15 03:00:00,-0.54527074
2025-03-15 04:00:00,-0.3389882
2025-03-15 05:00:00,-0.07735662
2025-03-15 06:00:00,0.13046746
2025-03-15 07:00:00,0.328498
2025-03-15 08:00:00,0.51469463
2025-03-15 09:00:00,0.4777641
2025-03-15 10:00:00,0.23679492
2025-03-15 11:00:00,0.06384958
2025-03-15 12:00:00,-0.12453763
2025-03-15 13:00:00,-0.2948852
2025-03-15 14:00:00,-0.4483789
2025-03-15 15:00:00,-0.52680355
2025-03-15 16:00:00,-0.32300627
2025-03-15 17:00:00,-0.06230296
2025-03-15 18:00:00,0.15439673
2025-03-15 19:00:00,0.36923367
2025-03-15 20:00:00,0.5935059
2025-03-15 21:00:00,0.56096375
2025-03-15 22:00:00,0.3017144
2025-03-15 23:00:00,0.11883339
2025-03-16 00:00:00,-0.071964934
2025-03-16 01:00:00,-0.25273353
2025-03-16 02:00:00,-0.42194176
2025-03-16 03:00:00,-0.5438746
2025-03-16 04:00:00,-0.45460388
2025-03-16 05:00:00,-0.15074478
2025-03-16 06:00:00,0.06159062
2025-03-16 07:00:00,0.27531296
2025-03-16 08:00:00,0.49402186
2025-03-16 09:00:00,0.55659413
2025-03-16 10:00:00,0.34129566
2025-03-16 11:00:00,0.14653292
2025-03-16 12:00:00,-0.036314536
2025-03-16 13:00:00,-0.21631642
2025-03-16 14:00:00,-0.379532
2025-03-16 15:00:00,-0.5038988
2025-03-16 16:00:00,-0.43844527
2025-03-16 17:00:00,-0.14846997
2025-03-16 18:00:00,0.058619197
2025-03-16 19:00:00,0.27654052
2025-03-16 20:00:00,0.5045055
2025-03-16 21:00:00,0.5917229
2025-03-16 22:00:00,0.38226658
2025-03-16 23:00:00,0.18078619
2025-03-17 00:00:00,-0.002804056
2025-03-17 01:00:00,-0.18928525
2025-03-17 02:00:00,-0.36418205
2025-03-17 03:00:00,-0.513032
2025-03-17 04:00:00,-0.5391032
2025-03-17 05:00:00,-0.2841615
2025-03-17 06:00:00,-0.050376978
2025-03-17 07:00:00,0.16892777
2025-03-17 08:00:00,0.36535442
2025-03-17 09:00:00,0.5578595
2025-03-17 10:00:00,0.47303522
2025-03-17 11:00:00,0.2429745
2025-03-17 12:00:00,0.07031355
2025-03-17 13:00:00,-0.109904565
2025-03-17 14:00:00,-0.27568033
2025-03-17 15:00:00,-0.41776222
2025-03-17 16:00:00,-0.46158978
2025-03-17 17:00:00,-0.24416749
2025-03-17 18:00:00,-0.01960867
2025-03-17 19:00:00,0.17856428
2025-03-17 20:00:00,0.3560468
2025-03-17 21:00:00,0.5152005
2025-03-17 22:00:00,0.3988571
2025-03-17 23:00:00,0.19581658
2025-03-18 00:00:00,0.026422262
2025-03-18 01:00:00,-0.15482245
2025-03-18 02:00:00,-0.3242373
2025-03-18 03:00:00,-0.47099942
2025-03-18 04:00:00,-0.55231583
2025-03-18 05:00:00,-0.3852116
2025-03-18 06:00:00,-0.12507375
